stage,n,mean_ms,p50_ms,p90_ms,p95_ms,p99_ms,min_ms,max_ms
ws_to_producer_ms,199976,489401.203,901271.0,902515.0,902788.0,903324.0,365.0,1581544.0
producer_to_kafka_ms,200000,0.133,0.0,1.0,1.0,1.0,0.0,9.0
kafka_to_consumer_ms,0,,,,,,,
kafka_to_ch_inserted_ms,196608,30256.248,14743.5,72466.3,88820.65,131025.52,67.0,2338947.0
kafka_to_scylla_write_ms,196606,2807.612,134.307,4102.86,8267.23,34225.866,6.64,2330059.808
e2e_ch_from_event_ms,196607,512617.819,907199.0,970919.8,985372.0,1013503.8,692.0,3242338.0
e2e_ch_from_producer_ms,196608,30256.381,14743.5,72466.3,88820.65,131026.45,67.0,2338947.0
e2e_scylla_from_event_ms,196605,485164.854,901446.708,903070.319,905905.549,929079.444,563.668,3233450.808
e2e_scylla_from_producer_ms,196606,2807.745,134.429,4102.887,8267.23,34226.195,6.64,2330059.808
